campus_name,location,focus,phone,uan,email
Main Campus,17 KM Main Raiwind Road Lahore,All programs,042-38103777,042-111-000-078,
City Campus,Lahore,General programs,042-38104229,0345-0930910,
Gold Campus,6 KM Raiwind Road Lahore,IT related programs,042-38102223,042-111-000-078,
Sargodha Campus,Sargodha,General education,048-211-00-00,0311-1133391,
Faisalabad Campus,Faisalabad,General education,0300-8420341,041-8792007,
Rahim Yar Khan Campus,Rahim Yar Khan,General education,0300-2618666,068-5958010,
UK Office,London,International coordination,,,
UAE Campus,Ras Al Khaimah,International campus,,,
Layyah Campus,Layyah,Regional campus,,,
