"field,details"
"university_name,Superior University"
"type,Private University in Pakistan"
"focus,Academic excellence, innovation, research, sustainability, and industry-linked learning"
"program_levels,Undergraduate, Postgraduate, Associate Degrees"
"learning_model,3U1M framework (3 years university + 1 year industry)"
"vision,To become a leading Pakistani university driving excellence in learning, innovation, and research"
"mission,To transform lives of students, faculty, staff, and alumni through an excellent learning and research environment"
"values,Student success, excellence, innovation, teamwork, fairness, agility, sustainability"
"global_status,Recognized among leading institutions with international partnerships and impact"
